trivia_3434,"How many North American railway metro systems are busier than Mexico City's metro?","1; 0",unsupported,0.68,"https://www.railway-technology.com/features/featurethe-worlds-top-10-busiest-metros-4433827/","second largest metro system in North America after the New York City Subway",""
trivia_1963,"Fireworks that burn red contain which element, the only one named after a place in UK?","Strontium",supported,0.90,"https://www.nms.ac.uk/discover-catalogue/whats-in-a-firework-minerals-that-bang","Strontium is the element commonly used to create strong red colours... named after the Scottish village... Strontian",""
nq_2684,"what is the legal age for marriage in australia?","18; 16–17 with court approval and parental consent, only one party may be under 18",supported,0.86,"https://en.wikipedia.org/wiki/Marriage_in_Australia","general marriageable age in Australia is 18 years... a person aged 16 or 17 can marry with parental consent and authorisation by a Magistrates Court",""
webq_620,"who played victoria barkley?","Barbara Stanwyck",supported,0.95,"https://en.wikipedia.org/wiki/The_Big_Valley","Victoria Barkley, portrayed by Barbara Stanwyck",""
trivia_5056,"Which German was deprived of his nationality in 1938 mainly for writing ""All Quiet On The Western Front"" and ""The Road Back""?""","Erich Maria Remarque",supported,0.88,"https://www.encyclopedia.com/arts/educational-magazines/all-quiet-western-front","Nazi Germany took away Remarque's citizenship in 1938",""
trivia_863,"A mahout is a person who works, tends and rides which animal?","elephant",supported,0.95,"https://en.wikipedia.org/wiki/Mahout","A mahout is an elephant rider, trainer, or keeper",""
nq_2466,"who owns the delano hotel in las vegas?","Joint venture of VICI Properties and Blackstone Real Estate Income Trust (BREIT) (real estate owner); MGM Resorts International (lessee/operator); Accor (owner of the Delano brand)",unknown,0.45,"https://en.wikipedia.org/wiki/Mandalay_Bay","MGM would own 50.1 percent of the joint venture, and Blackstone would own the remainder... Mandalay Bay would be leased to MGM Resorts",""
trivia_6081,"Harvard University is situated in which American State?","Massachusetts",supported,0.95,"https://en.wikipedia.org/wiki/Harvard_University","Harvard University is... in Cambridge, Massachusetts",""
trivia_8608,"What was the name of the eponymous 'Knight of the Holy Grail' in an opera by Wagner?","Lohengrin; Parsifal",supported,0.65,"https://en.wikipedia.org/wiki/Lohengrin_(opera)","The Grail Knight Lohengrin... is sent to the duchess of Brabant",""
trivia_4940,"How many odd numbers are there between 12 and 42?","15",supported,0.90,"https://testbook.com/question-answer/the-sum-of-all-odd-integers-between-12-and-42-is-_--5c24bacb515b164d49326bb4","Number of odd numbers between 12 and 42 = (41 - 13)/2 + 1 = 15",""
trivia_473,"Who was part man, part machine, all cop and hailed from a futuristic Detroit?","RoboCop",supported,0.80,"https://scifi.stackexchange.com/questions/8143/did-the-general-public-know-robocop-was-a-cyborg","the tag line was, part man, part machine, all cop",""
trivia_2019,"Which composer's operas are famously staged in the town of Bayreuth (say ""Bye-royt"")?""","Richard Wagner",supported,0.85,"https://en.wikipedia.org/wiki/Bayreuth_Festspielhaus","built by the 19th-century German composer Richard Wagner and dedicated solely to the performance of his stage works",""
trivia_1385,"Which band released a 2001 album entitled ‘Amnesiac’?","Radiohead",supported,0.95,"https://en.wikipedia.org/wiki/Amnesiac_(album)","Amnesiac is the fifth studio album by the English rock band Radiohead, released on 30 May 2001",""
nq_1683,"how long is a whale shark in meters?","10 m; 18 m",supported,0.70,"https://www.dimensions.com/element/whale-shark","Whale Sharks have a total length between 9.1-18.9 m",""
trivia_1526,"Which land mammal has the longest tail?","African elephant; Red kangaroo; Giraffe",unsupported,0.70,"https://www.nationalgeographic.com/animals/article/160430-animals-science-longest-tails-reptiles","Giraffes have the longest tails of any land mammal—up to 8 feet",""
nq_1679,"when was 13 reasons why released on netflix?","March 31, 2017",supported,0.95,"https://en.wikipedia.org/wiki/13_Reasons_Why","released on Netflix on March 31, 2017",""
nq_3030,"who plays the mother of howard on big bang theory?","Carol Ann Susi",supported,0.90,"https://en.wikipedia.org/wiki/Carol_Ann_Susi","provided the voice of ... Mrs. Wolowitz, mother of Howard Wolowitz",""
nq_2345,"when did scotland last qualify for world cup?","1998 (FIFA Men’s World Cup); 2019 (FIFA Women’s World Cup)",unknown,0.50,"https://www.bbc.com/news/articles/ckgk5dv0e9xo","When Scotland's men last qualified for the World Cup in 1998",""
trivia_4008,"What British sitcom that aired from 1979 to 1981 in the UK, starred Penelope Keith and Peter Bowles?","To the Manor Born",supported,0.90,"https://en.wikipedia.org/wiki/To_the_Manor_Born","BBC television sitcom that first aired on BBC1 from 1979 to 1981... starring Penelope Keith and Peter Bowles",""
trivia_4608,"Which American bluegrass-country singer and fiddler has won 26 Grammy Awards, making her the most awarded female artist (and the third most awarded artist overall) in Grammy history since she recorded for the first time at the age of 14?","Alison Krauss",unsupported,0.55,"https://en.wikipedia.org/wiki/Alison_Krauss","as of 2025, she has won 27 Grammy Awards",""
webq_850,"what country sponsored ferdinand magellan?","Spain",supported,0.90,"https://www.rmg.co.uk/stories/topics/ferdinand-magellan","Magellan was sponsored by Spain to travel west across the Atlantic",""
trivia_6255,"Which classic sci-fi novel divides the human species into the gentle Eloi and the bestial Morlocks? Wells?","The Time Machine",supported,0.90,"https://en.wikipedia.org/wiki/The_Time_Machine","two separate human species: the fair, childlike Eloi; and the savage... Morlocks",""
webq_1693,"where do italy people live?","Italy",supported,0.80,"https://en.wikipedia.org/wiki/Italians","approximately 55 million Italians living in Italy",""
trivia_4890,"In which sport is it forbidden for anyone to play left handed?","Polo; Polocrosse; Jai alai",unsupported,0.75,"https://dbpoloclub.com/polo-played-right-handed/","The right hand only is to be used to hold the stick to hit the ball",""
trivia_5044,"If you travel due south from Detroit, Michigan, what is the first country you reach?","Canada",supported,0.70,"https://quizzclub.com/trivia/what-country-do-you-fly-over-first-when-taking-off-from-detroit-and-flying-directly-south/answer/166680/","It's Canada! ... the first country you fly over... is actually Canada",""
trivia_5419,"What is the capital of Washington state?","Olympia",supported,0.95,"https://www.britannica.com/place/Olympia-Washington","Olympia, city, capital of Washington, U.S.",""
trivia_7213,"For what does the G stand in the navigational aid, usually known as a `GPS'?","Global",supported,0.95,"https://en.wikipedia.org/wiki/Global_Positioning_System","The Global Positioning System (GPS)",""
trivia_5827,"Which Cunard liner launched in 1903 rescued 705 survivors of the Titanic disaster in 1912?","RMS Carpathia",supported,0.90,"https://www.britannica.com/topic/Carpathia","the Carpathia rescued 705 people in lifeboats",""
nq_1742,"when did the royal proclamation of 1763 end?","1783 (Treaty of Paris ended British authority in the U.S.); 1776 (de facto end in the rebelling colonies during the American Revolution); It has not ended in Canada—key provisions remain in force and are recognized in Canadian law",unknown,0.40,"https://www.rcaanc-cirnac.gc.ca/eng/1370355181092/1607905122267","the Royal Proclamation has served as a basis of the treaty-making process throughout Canada, and is referred to in the Constitution Act 1982",""
trivia_5299,"Who gave Harry Potter his first kiss?","Cho Chang",supported,0.80,"https://harrypotter.fandom.com/wiki/Cho_Chang","Cho Chang is... Harry Potter's first ... first kiss",""
trivia_10352,"Who played Doctor Christmas Jones in the Bond film The World is Not enough?","Denise Richards",supported,0.95,"https://en.wikipedia.org/wiki/The_World_Is_Not_Enough","Denise Richards as Dr. Christmas Jones",""
webq_246,"what year was the first miss america pageant held?","1921; 1922",unsupported,0.80,"https://en.wikipedia.org/wiki/Miss_America_1921","Miss America 1921 known as the first Miss America pageant",""
trivia_3881,"Whose second 'breadfruit voyage' as captain was on the ship HMS Providence, 1791-94?","William Bligh",supported,0.90,"https://en.wikipedia.org/wiki/HMS_Providence_(1791)","commanded by William Bligh on his second breadfruit voyage between 1791 and 1794",""
nq_57,"the vascular layer of the eye is the?","Uvea (vascular tunic); Choroid",supported,0.90,"https://en.wikipedia.org/wiki/Uvea","The uvea... vascular layer",""
nq_1039,"of which country is sofia the capital city?","Bulgaria",supported,0.95,"https://en.wikipedia.org/wiki/Sofia","Sofia is the capital and largest city of Bulgaria",""
trivia_3682,"What regal name is capital of Seychelles, and British Columbia (Canada), and is an Australian state?","Victoria",supported,0.70,"https://en.wikipedia.org/wiki/Victoria,_Seychelles","Victoria is the capital and largest city of Seychelles",""
nq_2647,"how many grams of alcohol in one beer?","14 g; 13 g; 12 g; 19 g",unsupported,0.75,"https://www.niaaa.nih.gov/alcohols-effects-health/what-standard-drink","one standard drink contains about 14 grams of pure alcohol",""
trivia_9614,"What was the name of the dog in the children’s TV series ""The Herbs""?""","Dill",supported,0.95,"https://en.wikipedia.org/wiki/The_Herbs","Dill the Dog – A hyperactive dog",""
trivia_531,"The 1955 comedy movie We're No Angels centred on three escaped convicts. Peter Ustinov and Aldo Ray were two, but who played the third?","Humphrey Bogart",supported,0.80,"https://www.amazon.com/WeRe-No-Angels-Humphrey-Bogart/dp/B00AEBB9YQ","three convicts - Joseph (Bogart), Albert (Aldo Ray) and Jules (Peter Ustinov)",""
webq_1245,"who was sir walter raleigh and what did he do?","Sir Walter Raleigh (c. 1552–1618), English courtier, soldier, explorer, and writer, favorite of Elizabeth I, sponsor of the Roanoke colony, led voyages to the Americas in search of El Dorado, helped popularize tobacco in England, wrote History of the World while imprisoned in the Tower, and was executed under James I",supported,0.70,"https://en.wikipedia.org/wiki/Walter_Raleigh","English statesman, soldier, writer and explorer... played a leading part in English colonisation of North America",""
