id,question,answer,prev_verdict,prev_confidence,verdict,confidence,evidence_url,evidence_snippet,notes
webq_393,what team is hank baskett on 2010?,Indianapolis Colts,unsupported,0.85,unsupported,0.95,https://en.wikipedia.org/wiki/Hank_Baskett,Colts was 2009 not 2010,Colts was 2009; 2010 teams listed as Vikings/Eagles
nq_1166,what dynasty completed the great wall of china?,Qin dynasty,unknown,0.55,unsupported,0.9,https://en.wikipedia.org/wiki/History_of_the_Great_Wall_of_China,The Great Wall of China visible today largely dates from the Ming dynasty…; earlier fortifications were connected by Qin Shi Huang.,Qin connected earlier walls; present wall mainly Ming
trivia_2390,"In humans ribs are divided into three types. True, False and which other?",vertebral,unsupported,0.70,unsupported,0.9,https://en.wikipedia.org/wiki/Rib,"The first seven sets of ribs are ""true ribs""… The following five sets are ""false ribs""… the last two… are termed floating ribs.",Standard 3-way classification is true/false/floating
trivia_2390,"In humans ribs are divided into three types. True, False and which other?",free,unknown,0.50,unknown,0.6,https://en.wikipedia.org/wiki/Rib,…the last two (eleventh and twelfth ribs) are termed floating ribs.,"""Free ribs"" often refers to floating ribs, but need a citation explicitly using the synonym"
trivia_10066,"Who said, a man is only as old as the women he feels?",W. C. Fields,unknown,0.40,unknown,0.4,https://www.brainyquote.com/quotes/groucho_marx_128085,Quote sites attribute to Groucho Marx,no pass2 update
trivia_10066,"Who said, a man is only as old as the women he feels?",Hugh Hefner,unknown,0.40,unknown,0.4,https://www.brainyquote.com/quotes/groucho_marx_128085,Quote sites attribute to Groucho Marx,no pass2 update
trivia_1020,The Forest of Arden is in which English county?,West Midlands,unknown,0.60,unsupported,0.85,"https://en.wikipedia.org/wiki/Arden,_Warwickshire",The Forest of Arden… included much of Warwickshire… (and parts of the modern West Midlands metropolitan county).,Not a county; Arden is associated mainly with Warwickshire
trivia_2537,What is the equivalent Royal Navy rank to an Air Marshall in the R.A.F.?,Vice Admiral,unknown,0.50,supported,0.9,https://en.wikipedia.org/wiki/Air_marshal,Air marshal… is usually equivalent to a vice admiral or a lieutenant general.,
nq_1041,what is the average salary for a us congressman?,"~$174,200 per year (House average including leadership)",unknown,0.55,supported,0.9,https://en.wikipedia.org/wiki/Salaries_of_members_of_the_United_States_Congress,"Position: Senators and House Representatives — $174,000.","Base member salary is $174,000; leadership roles higher"
nq_1041,what is the average salary for a us congressman?,"~$174,150 per year (overall congressional average including leadership)",unknown,0.55,supported,0.9,https://en.wikipedia.org/wiki/Salaries_of_members_of_the_United_States_Congress,"Position: Senators and House Representatives — $174,000.","Base member salary is $174,000; leadership roles higher"
trivia_3837,Who was said to have presented the baby Jesus with Frankincense?,Caspar (Gaspar),unknown,0.60,unknown,0.6,https://en.wikipedia.org/wiki/Biblical_Magi,traditions vary which Magus gave which gift,no pass2 update
trivia_3837,Who was said to have presented the baby Jesus with Frankincense?,Melchior,unknown,0.60,unknown,0.6,https://en.wikipedia.org/wiki/Biblical_Magi,traditions vary; one tradition gives frankincense to Melchior,no pass2 update
trivia_3837,Who was said to have presented the baby Jesus with Frankincense?,Balthazar,unknown,0.60,unknown,0.6,https://en.wikipedia.org/wiki/Biblical_Magi,traditions vary; often Balthazar = myrrh,no pass2 update
nq_1534,word that means separation of church and state?,separationism,unknown,0.40,unknown,0.4,https://en.wikipedia.org/wiki/Separation_of_church_and_state,term not commonly used as standard word,no pass2 update
nq_1225,when did mcdonald 's sell 1 million burgers?,early 1950s,unknown,0.45,unknown,0.45,https://www.businessinsider.com/surprising-facts-mcdonalds-hamburgers,in 1955 ... claimed ... 15 million burgers,no pass2 update
trivia_3936,'eleven plus two' is an anagram of what phrase?,one plus twelve,unknown,0.55,unknown,0.55,https://www.reddit.com/r/mildlyinteresting/comments/16g895/eleven_plus_two_is_an_anagram_of_twelve_plus_one/,common anagram pair is twelve plus one,no pass2 update
trivia_4594,How many adjectives are there in the sentence Jack ran down the path.?,1,unsupported,0.60,unsupported,0.6,https://en.wikipedia.org/wiki/Adjective,'down' is usually adverb/preposition not adjective,no pass2 update
trivia_5449,What is the biggest Italian automaker?,Stellantis,unknown,0.55,unknown,0.55,https://en.wikipedia.org/wiki/Stellantis,multinational headquartered in Netherlands; includes Fiat brand,no pass2 update
trivia_8023,Karl Eisner created which multitool?,Swiss Army Knife,unknown,0.50,unknown,0.5,https://swissknifeheadquarters.wordpress.com/2008/11/28/history-of-victorinox/,Swiss Army knife invented by Karl Eisner,no pass2 update
nq_2016,protease released in the stomach?,Chymosin (rennin),unknown,0.55,unknown,0.55,https://pubmed.ncbi.nlm.nih.gov/9794784/,... chymosin ...,no pass2 update
nq_1055,was star wars a book or a movie first?,movie first,unsupported,0.85,unsupported,0.9,https://en.wikipedia.org/wiki/Star_Wars:_From_the_Adventures_of_Luke_Skywalker,"The novelization was first published on November 12, 1976, several months before the release of the film.",Novelization predates the 1977 film release; question is ambiguous (book vs film franchise)
trivia_321,largest ever teddy bears picnic Dublin 1995 how many bears?,33610,unsupported,0.70,unsupported,0.95,https://www.guinnessworldrecords.com/world-records/68357-largest-teddy-bears-picnic,"Guinness: largest Teddy bears picnic was attended by 33,573 bears at Dublin Zoo on 24 June 1995.",
trivia_321,largest ever teddy bears picnic Dublin 1995 how many bears?,33613,unsupported,0.70,unsupported,0.95,https://www.guinnessworldrecords.com/world-records/68357-largest-teddy-bears-picnic,"Guinness: largest Teddy bears picnic was attended by 33,573 bears at Dublin Zoo on 24 June 1995.",
trivia_321,largest ever teddy bears picnic Dublin 1995 how many bears?,33000,unsupported,0.60,unsupported,0.95,https://www.guinnessworldrecords.com/world-records/68357-largest-teddy-bears-picnic,"Guinness: largest Teddy bears picnic was attended by 33,573 bears at Dublin Zoo on 24 June 1995.",
nq_1248,who played bat masterson in the tv series?,Mason Alan Dinehart,unsupported,0.80,unsupported,0.95,https://en.wikipedia.org/wiki/Bat_Masterson_(TV_series),The title character was played by Gene Barry.,
nq_2857,when was the first driver's license required?,1888,unsupported,0.75,unknown,0.7,https://en.wikipedia.org/wiki/Driver%27s_licence,Karl Benz … received a written permit … to operate his car on public roads in 1888.,"This supports 1888 as the first known permit; ""required"" varies by jurisdiction."
nq_2857,when was the first driver's license required?,1893,unsupported,0.75,unknown,0.5,https://en.wikipedia.org/wiki/Driver%27s_licence,Karl Benz … received a written permit … in 1888 (earliest example mentioned).,Need a source explicitly saying 1893 was the first *required* license in some jurisdiction.
webq_831,where is taylor swift from?,"Nashville, Tennessee",unknown,0.55,unsupported,0.9,https://en.wikipedia.org/wiki/Taylor_Swift,"Born … West Reading, Pennsylvania (Origin: Nashville, Tennessee).","Question wording ambiguous; birthplace is Pennsylvania, while Nashville is listed as origin."
nq_549,leader of Soviet Union when Berlin Wall was built?,Leonid Brezhnev,unsupported,0.85,unsupported,0.95,https://en.wikipedia.org/wiki/Nikita_Khrushchev,First Secretary … 1953–1964 (succeeded by Leonid Brezhnev).,"Berlin Wall construction began 13 Aug 1961; USSR leader then was Khrushchev, not Brezhnev."
nq_974,who explored waters of cuba the bahamas and hispaniola?,Juan Ponce de León,unknown,0.45,unsupported,0.9,https://en.wikipedia.org/wiki/Christopher_Columbus,His landing place was an island in the Bahamas… He then visited the islands now known as Cuba and Hispaniola…,This description matches Columbus’s first voyage.
webq_198,what places make up new england?,"Massachusetts, Connecticut, Rhode Island, New Hampshire",unsupported,0.75,unsupported,0.95,https://en.wikipedia.org/wiki/New_England,"New England is a region consisting of six states … Connecticut, Maine, Massachusetts, New Hampshire, Rhode Island, and Vermont.",Missing Maine and Vermont
nq_1514,what year does the quiet man take place?,1952,unsupported,0.80,unsupported,0.8,https://en.wikipedia.org/wiki/The_Quiet_Man,"Release dates: June 6, 1952 … (film release); plot begins ""In the 1920s"".",1952 is release year; setting described as 1920s
webq_1706,where was franz ferdinand from?,"Glasgow, Scotland",unsupported,0.85,supported,0.9,https://en.wikipedia.org/wiki/Franz_Ferdinand_(band),"Origin: Glasgow, Scotland; formed in Glasgow in 2002.",Interpreting question as the band (not the archduke)
trivia_7004,second Monday in October called in USA?,Native American Day,unknown,0.55,unknown,0.4,https://en.wikipedia.org/wiki/Columbus_Day,Date: second Monday in October (United States).,Federal holiday name is Columbus Day; some states/cities observe Indigenous Peoples’ Day / Native American Day instead
trivia_7004,second Monday in October called in USA?,Discoverers' Day,unknown,0.45,unknown,0.3,https://en.wikipedia.org/wiki/Columbus_Day,Date: second Monday in October (United States).,Not the standard US name; regional variants exist
nq_2028,when was the electronic funds transfer act signed into law?,"November 10, 1978",unknown,0.55,supported,0.95,https://en.wikipedia.org/wiki/Electronic_Fund_Transfer_Act,"Effective: November 10, 1978; Signed into law … on November 10, 1978.",
nq_654,when was the first star wars film released?,"May 25, 1977 (U.S. release)",unknown,0.60,supported,0.95,https://en.wikipedia.org/wiki/Star_Wars_(film),"Release date: May 25, 1977.",
webq_2004,what movies have robert pattinson in them?,Harry Potter and the Goblet of Fire,unknown,0.60,supported,0.9,https://en.wikipedia.org/wiki/Robert_Pattinson,…including … as Cedric Diggory in … Harry Potter and the Goblet of Fire (2005)…,
webq_2004,what movies have robert pattinson in them?,Twilight,unknown,0.60,supported,0.9,https://en.wikipedia.org/wiki/Robert_Pattinson,…global recognition as Edward Cullen in The Twilight Saga film series.,
webq_2004,what movies have robert pattinson in them?,The Twilight Saga: New Moon,unknown,0.60,supported,0.85,https://en.wikipedia.org/wiki/Robert_Pattinson,The Twilight Saga film series (2008–2012) includes New Moon.,
webq_2004,what movies have robert pattinson in them?,The Twilight Saga: Eclipse,unknown,0.60,supported,0.85,https://en.wikipedia.org/wiki/Robert_Pattinson,The Twilight Saga film series (2008–2012) includes Eclipse.,
webq_2004,what movies have robert pattinson in them?,The Twilight Saga: Breaking Dawn – Part 1,unknown,0.60,supported,0.85,https://en.wikipedia.org/wiki/Robert_Pattinson,The Twilight Saga film series (2008–2012) includes Breaking Dawn parts.,
webq_2004,what movies have robert pattinson in them?,The Twilight Saga: Breaking Dawn – Part 2,unknown,0.60,supported,0.85,https://en.wikipedia.org/wiki/Robert_Pattinson,The Twilight Saga film series (2008–2012) includes Breaking Dawn parts.,
webq_2004,what movies have robert pattinson in them?,Remember Me,unknown,0.60,supported,0.9,https://en.wikipedia.org/wiki/Robert_Pattinson,Pattinson … led the romantic dramas Remember Me (2010)…,
webq_2004,what movies have robert pattinson in them?,Water for Elephants,unknown,0.60,supported,0.9,https://en.wikipedia.org/wiki/Robert_Pattinson,Pattinson … led the romantic dramas … Water for Elephants (2011).,
webq_2004,what movies have robert pattinson in them?,Cosmopolis,unknown,0.60,supported,0.9,https://en.wikipedia.org/wiki/Robert_Pattinson,…performances in … drama Cosmopolis (2012)…,
webq_2004,what movies have robert pattinson in them?,Good Time,unknown,0.60,supported,0.9,https://en.wikipedia.org/wiki/Robert_Pattinson,…the Safdie brothers' crime drama Good Time (2017)…,
webq_2004,what movies have robert pattinson in them?,The Lighthouse,unknown,0.60,supported,0.9,https://en.wikipedia.org/wiki/Robert_Pattinson,…Robert Eggers' … The Lighthouse (2019).,
webq_2004,what movies have robert pattinson in them?,Tenet,unknown,0.60,supported,0.9,https://en.wikipedia.org/wiki/Tenet_(film),Tenet … stars … Robert Pattinson …,
webq_2004,what movies have robert pattinson in them?,The Batman,unknown,0.60,supported,0.9,https://en.wikipedia.org/wiki/The_Batman_(film),The Batman … Robert Pattinson stars as Bruce Wayne / Batman …,
nq_2872,when is season 3 of grace and frankie being released?,"March 24, 2017 at 12:01 AM PT",unknown,0.55,supported,0.9,https://en.wikipedia.org/wiki/Grace_and_Frankie,"…renewed for a third season … which premiered on March 24, 2017.",
trivia_7126,traditional flavouring of water pudding?,ginger,unknown,0.35,unknown,0.3,,,Need a reliable source for traditional water pudding flavouring
trivia_7126,traditional flavouring of water pudding?,lemon,unknown,0.35,unknown,0.3,,,Need a reliable source for traditional water pudding flavouring
nq_1939,who is the writer of 50 shades of grey?,Kelly Marcel,unsupported,0.85,unsupported,0.95,https://en.wikipedia.org/wiki/Fifty_Shades_of_Grey,Author: E. L. James.,Kelly Marcel wrote the film screenplay; not the novel author
nq_2397,when was the first mad max movie release?,12 April 1979 (Australia),unknown,0.55,supported,0.95,https://en.wikipedia.org/wiki/Mad_Max_(film),Release date: 12 April 1979.,
nq_2397,when was the first mad max movie release?,1980 (U.S. release),unknown,0.55,unknown,0.5,https://en.wikipedia.org/wiki/Mad_Max_(film),Release date: 12 April 1979 (Australia); article doesn't confirm US release year in this snippet.,Need a source for specific US release date/year; film released in Australia April 1979
trivia_1808,What colour ink used by Roman emperors?,purple,unknown,0.50,unknown,0.45,https://en.wikipedia.org/wiki/Tyrian_purple,Items coloured with Tyrian purple became associated with power and wealth.,"Purple is strongly associated with imperial authority, but need a specific citation about ink/documents"
nq_1947,actual year movie Remember the Titans took place?,1981,unsupported,0.80,unsupported,0.95,https://en.wikipedia.org/wiki/Remember_the_Titans,"…attempt to integrate the … football team in Alexandria, Virginia in 1971.",
nq_3526,when was penicillin first introduced to the public?,1941,unsupported,0.75,unknown,0.55,https://en.wikipedia.org/wiki/Penicillin,Fleming first used the purified penicillin … in 1942.,"Question asks ""introduced to the public""; 1941 seems more like early trials/production, not public availability"
nq_3526,when was penicillin first introduced to the public?,1943,unknown,0.55,unknown,0.55,https://en.wikipedia.org/wiki/History_of_penicillin,"During the Second World War penicillin became an important part of the Allied war effort… After the end of the war in 1945, penicillin became widely available.",Public availability unclear; Wikipedia suggests wide availability after 1945
trivia_1830,Aladdin is a variety of which vegetable?,pumpkin,unknown,0.40,supported,0.85,https://www.seedway.com/product/aladdin-pumpkin-farmore/,Description: For those who want large pumpkins! …,
nq_3486,where did the first persian gulf war take place?,Iran and Iraq (primarily along the Iran–Iraq border and in the Persian Gulf),unsupported,0.70,unsupported,0.9,https://en.wikipedia.org/wiki/Gulf_War,Gulf War … Date 1990–1991 … (Iraq invaded Kuwait) … Location: Middle East and Persian Gulf.,"This answer describes the Iran–Iraq War, not the 1990–1991 Gulf War"
nq_152,who was on the first season of dwts?,"U.S. Season 1 main on-air cast — hosts Tom Bergeron and Lisa Canning, judges Carrie Ann Inaba, Len Goodman, Bruno Tonioli, and celebrity contestants ...",unknown,0.55,supported,0.9,https://en.wikipedia.org/wiki/Dancing_with_the_Stars_(American_TV_series)_season_1,"Hosted by Tom Bergeron and Lisa Canning; Judges: Carrie Ann Inaba, Len Goodman, Bruno Tonioli; six celebrity contestants.",
nq_2102,who said everyone will be famous for 15 minutes?,Nat Finkelstein,unknown,0.55,unsupported,0.95,"https://en.wikipedia.org/wiki/In_the_future,_everyone_will_be_world-famous_for_15_minutes","Expression formulated by Andy Warhol … ""everyone will be famous for 15 minutes.""",
trivia_4886,What island would you come to first if you travelled due east from Bangladesh?,Ramree Island (Myanmar),unknown,0.35,unknown,0.3,,,Geodesic/“due east” depends on start point in Bangladesh; need map/geodesic calc + authoritative source to confirm first island encountered.
trivia_4886,What island would you come to first if you travelled due east from Bangladesh?,Kinmen (Quemoy),unknown,0.35,unknown,0.3,,,Geodesic/“due east” depends on start point in Bangladesh; need map/geodesic calc + authoritative source to confirm first island encountered.
trivia_4886,What island would you come to first if you travelled due east from Bangladesh?,Matsu Islands,unknown,0.35,unknown,0.3,,,Geodesic/“due east” depends on start point in Bangladesh; need map/geodesic calc + authoritative source to confirm first island encountered.
trivia_4886,What island would you come to first if you travelled due east from Bangladesh?,Penghu (Pescadores),unknown,0.35,unknown,0.3,,,Geodesic/“due east” depends on start point in Bangladesh; need map/geodesic calc + authoritative source to confirm first island encountered.
trivia_4886,What island would you come to first if you travelled due east from Bangladesh?,Taiwan,unknown,0.35,unknown,0.3,,,Geodesic/“due east” depends on start point in Bangladesh; need map/geodesic calc + authoritative source to confirm first island encountered.
webq_1024,what is the percentage of youth in uganda?,21% (ages 15-24),unknown,0.55,unknown,0.3,,,Need authoritative Ugandan demographic source and definition of “youth” (age range varies) to validate a percentage.
webq_1024,what is the percentage of youth in uganda?,26% (ages 18-30),unknown,0.40,unknown,0.3,,,Need authoritative Ugandan demographic source and definition of “youth” (age range varies) to validate a percentage.
trivia_10102,Which was the second British motorway?,M1,unknown,0.50,unknown,0.3,,,Motorway “second” is ambiguous; early UK motorway openings include multiple spurs opened same day; need authoritative chronology.
trivia_10102,Which was the second British motorway?,M10,unknown,0.50,unknown,0.3,,,Motorway “second” is ambiguous; early UK motorway openings include multiple spurs opened same day; need authoritative chronology.
trivia_10102,Which was the second British motorway?,M45,unknown,0.50,unknown,0.3,,,Motorway “second” is ambiguous; early UK motorway openings include multiple spurs opened same day; need authoritative chronology.
nq_504,wal-mart is a prime example of which type organization?,mechanistic (machine-bureaucracy) organization,unknown,0.40,unknown,0.3,,,Needs a management/organization-theory source explicitly using Walmart as example of a specific org structure/type.
nq_504,wal-mart is a prime example of which type organization?,"centralized, hierarchical (tall) organization",unknown,0.40,unknown,0.3,,,Needs a management/organization-theory source explicitly using Walmart as example of a specific org structure/type.
nq_504,wal-mart is a prime example of which type organization?,divisionalized (geographic/product) structure,unknown,0.40,unknown,0.3,,,Needs a management/organization-theory source explicitly using Walmart as example of a specific org structure/type.
nq_2829,different ways to say bless you in french?,Que Dieu te bénisse,unknown,0.55,unsupported,0.8,https://www.connexionfrance.com/magazine/what-does-tes-souhaits-mean-and-when-should-it-be-used/691844,"""À tes souhaits"" … said after someone sneezes, comparable to “bless you”.",Standard sneeze response is “à tes/vos souhaits”; this is a literal “God bless you” but not the common sneeze phrase.
nq_2829,different ways to say bless you in french?,Que Dieu vous bénisse,unknown,0.55,unsupported,0.8,https://www.connexionfrance.com/magazine/what-does-tes-souhaits-mean-and-when-should-it-be-used/691844,"""À tes souhaits"" / ""à vos souhaits"" … said after someone sneezes, comparable to “bless you”.",Standard sneeze response is “à tes/vos souhaits”; this is a literal “God bless you” but not the common sneeze phrase.
trivia_10640,Tanganyika and Zanzibar merged in 1964 to become?,United Republic of Tanganyika and Zanzibar,unknown,0.50,unsupported,0.9,https://en.wikipedia.org/wiki/Tanzania,Unification of Tanganyika and Zanzibar 26 April 1964; country: United Republic of Tanzania.,The merged country is Tanzania (United Republic of Tanzania).
nq_3230,where does fungi go on a food web?,Parasites/pathogens (consumers feeding on living hosts),unknown,0.55,unsupported,0.8,https://en.wikipedia.org/wiki/Fungus,Fungi are the principal decomposers in ecological systems.,Fungi are typically treated as decomposers in food webs (though some are parasitic).
nq_364,when did they start adding zinc to pennies?,1864,unsupported,0.75,unsupported,0.95,https://en.wikipedia.org/wiki/Penny_(United_States_coin),"Composition (1982–present): copper-plated zinc (97.5% Zn, 2.5% Cu).",
nq_364,when did they start adding zinc to pennies?,1943,unknown,0.55,unsupported,0.85,https://en.wikipedia.org/wiki/Penny_(United_States_coin),Composition (1982–present): copper-plated zinc …,1943 cents were steel; zinc composition change was 1982.
webq_106,what language do people from Thailand speak?,Isan (Lao),unknown,0.50,unsupported,0.8,https://en.wikipedia.org/wiki/Thailand,Official languages: Thai.,Isan/Lao is spoken regionally; question asks generally what language people from Thailand speak.
webq_106,what language do people from Thailand speak?,Northern Thai (Kham Mueang),unknown,0.45,unsupported,0.8,https://en.wikipedia.org/wiki/Thailand,Official languages: Thai.,Northern Thai is regional; not the general answer.
webq_106,what language do people from Thailand speak?,Southern Thai (Pak Tai),unknown,0.45,unsupported,0.8,https://en.wikipedia.org/wiki/Thailand,Official languages: Thai.,Southern Thai is regional; not the general answer.
webq_106,what language do people from Thailand speak?,Malay (Patani Malay),unknown,0.45,unsupported,0.8,https://en.wikipedia.org/wiki/Thailand,Official languages: Thai.,Patani Malay is regional; not the general answer.
webq_106,what language do people from Thailand speak?,English,unknown,0.40,unsupported,0.75,https://en.wikipedia.org/wiki/Thailand,Official languages: Thai.,English is widely used as a second language in some contexts but not the primary/official language.
webq_407,who is the coach of the SF Giants?,Gabe Kapler,unsupported,0.80,unsupported,0.9,https://www.nbcsportsbayarea.com/mlb/san-francisco-giants/buster-posey-tony-vitello-2/1892658/,"""Tony Vitello as the new Giants manager""…",Kapler is not the current manager per this source.
nq_1954,when was the letter J introduced to the alphabet?,17th century (standardization as separate letter),unknown,0.60,unknown,0.6,https://en.wikipedia.org/wiki/J,History: Time period … 14th century to present; J used to be the swash letter I.,Letter J developed from I; “introduced” depends on definition; Wikipedia suggests usage from ~14th century.
nq_2236,when did the PRR begin passenger service between Pittsburgh and Philadelphia?,"February 15, 1854",unknown,0.55,supported,0.85,https://en.wikipedia.org/wiki/Main_Line_(Pennsylvania_Railroad),"""…on February 15, 1854 the PRR's new line opened…"" (Horseshoe Curve/Gallitzin Tunnel alignment).",
nq_2236,when did the PRR begin passenger service between Pittsburgh and Philadelphia?,"June 15, 1854",unknown,0.45,unknown,0.4,https://en.wikipedia.org/wiki/Main_Line_(Pennsylvania_Railroad),"Main Line article explicitly mentions Feb 15, 1854 opening (not June 15).","Did not find a source for June 15, 1854; Feb 15, 1854 is cited as an opening date for the PRR's new line."
nq_2236,when did the PRR begin passenger service between Pittsburgh and Philadelphia?,"September 1, 1857",unknown,0.45,unsupported,0.75,https://en.wikipedia.org/wiki/Main_Line_(Pennsylvania_Railroad),"PRR bought the Main Line of Public Works on August 1, 1857; earlier operations existed.","1857 relates to acquisition of state Main Line, not the start of passenger service/through route."
trivia_487,In which sport can you see nose walking?,Longboard skateboarding,unknown,0.40,unsupported,0.8,https://en.wikipedia.org/wiki/Noseriding,"""Noseriding is the act of riding the front end of a surfboard.""","“Nose walking/riding” is a surfing/longboard-surfing maneuver, not skateboarding."
nq_285,when did the first train run in england?,26 July 1808,unknown,0.50,unknown,0.35,https://en.wikipedia.org/wiki/History_of_rail_transport_in_Great_Britain_to_1830,"Early steam demonstrations and early commercial steam use (e.g., Salamanca in 1812) are discussed; “first train run in England” is ambiguous.","Depends on whether “train” means steam locomotive, commercial service, public passenger ride, etc."
nq_285,when did the first train run in england?,24 June 1812,unknown,0.50,unknown,0.35,https://en.wikipedia.org/wiki/History_of_rail_transport_in_Great_Britain_to_1830,Mentions Salamanca (1812) as first commercially successful steam locomotive on Middleton Railway.,"Could be 1812 for first successful commercial steam locomotive, but question is ambiguous."
nq_1954,when was the letter J introduced to the alphabet?,late medieval period (scribal variant of I),unknown,0.55,supported,0.75,https://en.wikipedia.org/wiki/J,J history: time period listed as 14th century to present; historically a variant of I.,
nq_1428,original singer of 'you're gonna love me'?,Jennifer Hudson,unsupported,0.70,unsupported,0.8,https://en.wikipedia.org/wiki/And_I_Am_Telling_You_I%27m_Not_Going,"Song is associated with Dreamgirls; described as the debut single of Jennifer Holliday; lyric includes ""you're gonna love me"".",Original/earliest famous singer for the Dreamgirls song is Jennifer Holliday (Hudson is later film performer).
trivia_362,Inky Pinky Blinky Clyde ghosts appear in which arcade game?,Pac-Man Plus,unknown,0.55,unsupported,0.85,https://en.wikipedia.org/wiki/Ghosts_(Pac-Man),"Blinky, Pinky, Inky and Clyde first appear in the 1980 arcade game Pac-Man.",
trivia_362,Inky Pinky Blinky Clyde ghosts appear in which arcade game?,Pac-Man Arrangement,unknown,0.55,unsupported,0.85,https://en.wikipedia.org/wiki/Ghosts_(Pac-Man),"Blinky, Pinky, Inky and Clyde first appear in the 1980 arcade game Pac-Man.",
webq_321,when did Jews stop making animal sacrifices?,20th century (among Ethiopian Jews/Beta Israel),unknown,0.40,unsupported,0.75,https://en.wikipedia.org/wiki/Temple_in_Jerusalem,"Second Temple ""was destroyed during the Roman siege of Jerusalem in 70 CE.""",Mainstream Judaism's sacrificial system was tied to the Temple; after 70 CE sacrifices ceased (with some minority exceptions/edge cases).
trivia_6998,Britain's first black boxing champion in the 1950s?,Randolph Turpin,unsupported,0.75,unsupported,0.7,https://www.skysports.com/boxing/news/12040/12100585/randolph-turpins-name-is-still-renowned-in-british-boxing-history-for-a-sensational-world-title-win-over-the-legendary-sugar-ray-robinson,Notes his brother Dick Turpin became the first black British champion (1948).,"Randolph Turpin was a major champion (world middleweight, 1951) but not the first black British champion per this source."
trivia_3077,Japanese martial art similar to judo using grappling throws non-resistance?,Aikido,unknown,0.50,unknown,0.35,,,Need a source; question sounds like Aikido or Jujutsu. (Not updating without citation.)
trivia_2824,Dr Jekyll's first name?,Henry,unknown,0.55,supported,0.85,https://en.wikipedia.org/wiki/Dr._Jekyll_and_Mr._Hyde_(character),Character page refers to Henry Jekyll.,
nq_1429,who laid foundation of school of possibilism?,Paul Vidal de la Blache,unknown,0.55,supported,0.85,https://www.siue.edu/GEOGRAPHY/ONLINE/mercier.htm,"States Lucien Febvre called Vidal de la Blache's man–nature conception ""possibilism"" (1922).",
nq_1429,who laid foundation of school of possibilism?,Lucien Febvre,unknown,0.55,unknown,0.55,https://www.siue.edu/GEOGRAPHY/ONLINE/mercier.htm,"Lucien Febvre called Vidal de la Blache's conception ""possibilism"" (1922).",Febvre coined/popularized the term; Vidal is typically treated as the foundational geographer.
trivia_172,Which US president won the Nobel Peace Prize in 1920?,None,unsupported,0.90,unsupported,0.95,https://obamawhitehouse.archives.gov/blog/2014/12/10/day-history-four-presidents-and-vp-received-nobel-peace-prize,Lists President Woodrow Wilson in 1920 as a Nobel Peace Prize recipient.,
nq_201,share of agriculture in Indian economy?,About 45% of total employment,unknown,0.55,unknown,0.55,https://www.pib.gov.in/PressReleasePage.aspx?PRID=2034943&reg=3&lang=2,Economic Survey: agriculture provides livelihood support to about 42.3% of the population.,Close to 45% but “employment” vs “livelihood support” and exact year matter.
webq_313,who plays Captain Kirk in Star Trek?,William Shatner,unknown,0.70,supported,0.95,https://en.wikipedia.org/wiki/James_T._Kirk,Portrayed by William Shatner (1966–1994).,
trivia_1877,What colour hair did David Copperfield have (Dickens character)?,brown,unknown,0.35,unknown,0.3,https://en.wikipedia.org/wiki/David_Copperfield,Wikipedia entry doesn’t specify David Copperfield’s hair color.,Could not verify hair color from the citation.
webq_904,where do Turkish people originate?,Anatolia/Asia Minor,unknown,0.55,unknown,0.3,https://en.wikipedia.org/wiki/Turkish_people,Page covers Turkish people (Turks) but origin/ethnogenesis isn’t captured in this snippet.,"Need a clearer source; Turks’ deeper origins are Turkic/Central Asian, while modern Turkish people are primarily associated with Anatolia/Turkey."
nq_3408,last time Jaguars won a playoff game?,"January 14, 2018 — AFC Divisional win vs Steelers",unknown,0.50,unknown,0.7,https://www.jaguars.com/news/rewind-jaguars-45-pittsburgh-steelers-42,"""The date: January 14, 2018."" (2017 AFC Divisional Playoff victory over Steelers)","This supports a playoff win on Jan 14, 2018; however “last time” is time-dependent (Jaguars won a playoff game in Jan 2023 as well)."
trivia_3257,What detective/crime writer was first goalkeeper and founder of Portsmouth United FC?,Sir Arthur Conan Doyle,unknown,0.30,unknown,0.6,https://en.wikipedia.org/wiki/History_of_Portsmouth_F.C.,"""Its most famous player was Sir Arthur Conan Doyle, who played as goalkeeper…""",Supports goalkeeper claim for Portsmouth Association FC; “founder” part is not confirmed in this snippet.
webq_1440,where is Spanish spoken most?,Latin America,unknown,0.45,unknown,0.45,https://en.wikipedia.org/wiki/Spanish_language,Spanish native to Spain and Hispanic America; official language in many Latin American countries.,Ambiguous: “spoken most” could mean country (often Mexico) or region; Latin America is broadly true but not a precise max.
trivia_9019,Man United manager immediately prior to Alex Ferguson?,Ron Atkinson,unknown,0.55,supported,0.9,https://en.wikipedia.org/wiki/History_of_Manchester_United_F.C._(1986%E2%80%932013),Ferguson joined … on the same day that Ron Atkinson was dismissed.,
nq_189,when did the 5 day work week begin?,1908,unknown,0.45,supported,0.85,https://en.wikipedia.org/wiki/Workweek_and_weekend,"""In 1908, the first five-day workweek in the United States was instituted by a New England cotton mill…""",
nq_189,when did the 5 day work week begin?,1938-1940 (Fair Labor Standards Act),unknown,0.45,unknown,0.55,https://en.wikipedia.org/wiki/Fair_Labor_Standards_Act_of_1938,"Signed into law … June 25, 1938.","FLSA (1938) is key for hours/overtime but “five-day workweek” isn’t directly stated here; depending on interpretation, could be later standardization."
trivia_1962,Which battle of 1897 brought Anglo-Egyptian control of Sudan?,Battle of Omdurman,unknown,0.45,unsupported,0.95,https://en.wikipedia.org/wiki/Battle_of_Omdurman,Battle took place on 2 September 1898 (not 1897).,Question asks 1897; Battle of Omdurman is 1898.
trivia_5634,What movie took place on the moon of Pandora?,Avatar: The Way of Water (2022),unknown,0.55,supported,0.8,https://en.wikipedia.org/wiki/Pandora_(Avatar),Humans seek to mine unobtanium on the fictional habitable moon Pandora in Avatar’s universe.,Way of Water is part of Avatar franchise and set on Pandora as well; question often expects “Avatar (2009)”.
trivia_2388,Who as of September 30th is Canadian prime minister?,Justin Trudeau,unknown,0.40,unknown,0.4,https://en.wikipedia.org/wiki/Prime_Minister_of_Canada,"Incumbent listed as Mark Carney since March 14, 2025.",Question is time-dependent and missing year; Trudeau was PM 2015–2025 but not “as of” now per this page.
trivia_2388,Who as of September 30th is Canadian prime minister?,Stephen Harper,unsupported,0.80,unsupported,0.9,https://en.wikipedia.org/wiki/Prime_Minister_of_Canada,"Incumbent listed as Mark Carney since March 14, 2025.",Harper served 2006–2015; not PM as of the date implied here.
trivia_740,1960s sci-fi movie that inspired name Duran Duran?,Barbarella,unknown,0.55,supported,0.95,https://en.wikipedia.org/wiki/Duran_Duran,"Band named after ""Dr. Durand Durand"" … character from the science fiction film Barbarella (1968).",
trivia_153,Who won baseball's first World Series of the 80s?,Los Angeles Dodgers,unsupported,0.80,unknown,0.55,https://en.wikipedia.org/wiki/1980_World_Series,1980 World Series winner: Philadelphia Phillies.,"If “first WS of the 80s” means 1980, it was Phillies; if it means first WS played in the 1980s decade after 1980 season, ambiguity remains."
nq_369,who won last year's ncaa women's basketball?,South Carolina Gamecocks,unknown,0.45,unknown,0.25,,,Time-dependent question; need the reference year / schedule source.
nq_2959,when does It's a Wonderful Life come on?,Christmas Eve (Dec 24) on NBC in prime time,unknown,0.40,unknown,0.25,,,Time-dependent question; need the reference year / schedule source.
nq_2959,when does It's a Wonderful Life come on?,An additional early- to mid-December NBC prime-time airing,unknown,0.40,unknown,0.25,,,Time-dependent question; need the reference year / schedule source.
nq_2959,when does It's a Wonderful Life come on?,On-demand via streaming services,unknown,0.40,unknown,0.25,,,Time-dependent question; need the reference year / schedule source.
trivia_6829,"On average, a Big Mac contains 178 of what ingredient?",sesame seeds,unknown,0.40,unknown,0.25,,,Could not find a reliable primary source for the “178” claim quickly; leaving unknown.
trivia_3937,Estima is UK's second-most popularly planted variety of which vegetable?,potato,unknown,0.40,unknown,0.25,,,"Needs UK planted-area by variety source (e.g., AHDB stats) to confirm."
trivia_1211,A Batrachophile collects figures of which creatures?,frogs and toads,unknown,0.55,unknown,0.25,,,Likely “frogs/toads” (batrachos + -phile) but need a reliable dictionary/encyclopedia citation.
nq_1789,where is a simple gear train used in real life?,Manual can openers,unknown,0.40,unknown,0.25,,,"Plausible examples, but needs an engineering source for “simple gear train” applications."
nq_1789,where is a simple gear train used in real life?,Hand-crank eggbeaters and hand drills,unknown,0.40,unknown,0.25,,,"Plausible examples, but needs an engineering source for “simple gear train” applications."
nq_1789,where is a simple gear train used in real life?,Windshield wiper mechanisms,unknown,0.40,unknown,0.25,,,"Plausible examples, but needs an engineering source for “simple gear train” applications."
nq_1789,where is a simple gear train used in real life?,Fishing reels,unknown,0.40,unknown,0.25,,,"Plausible examples, but needs an engineering source for “simple gear train” applications."
nq_1789,where is a simple gear train used in real life?,Mechanical odometers and counters,unknown,0.40,unknown,0.25,,,"Plausible examples, but needs an engineering source for “simple gear train” applications."
nq_1789,where is a simple gear train used in real life?,Wind-up toys and music boxes,unknown,0.40,unknown,0.25,,,"Plausible examples, but needs an engineering source for “simple gear train” applications."
nq_1789,where is a simple gear train used in real life?,Engine timing gear trains,unknown,0.40,unknown,0.25,,,"Plausible examples, but needs an engineering source for “simple gear train” applications."
nq_2001,who is eliminated in Bigg Boss Kannada 5?,Sihi Kahi Chandru,unknown,0.40,unknown,0.25,,,Needs an episode-by-episode source for elimination order; not verified here.
nq_2001,who is eliminated in Bigg Boss Kannada 5?,Ashita Chandrappa,unknown,0.40,unknown,0.25,,,Needs an episode-by-episode source for elimination order; not verified here.
nq_2001,who is eliminated in Bigg Boss Kannada 5?,Anupama Gowda,unknown,0.40,unknown,0.25,,,Needs an episode-by-episode source for elimination order; not verified here.
nq_2001,who is eliminated in Bigg Boss Kannada 5?,Sameer Acharya,unknown,0.40,unknown,0.25,,,Needs an episode-by-episode source for elimination order; not verified here.
nq_2001,who is eliminated in Bigg Boss Kannada 5?,Krishi Tapanda,unknown,0.40,unknown,0.25,,,Needs an episode-by-episode source for elimination order; not verified here.
nq_2001,who is eliminated in Bigg Boss Kannada 5?,Tejaswini Prakash,unknown,0.40,unknown,0.25,,,Needs an episode-by-episode source for elimination order; not verified here.
trivia_5893,Family of birds sparrows belong to?,Passerellidae,unsupported,0.75,unknown,0.45,https://en.wikipedia.org/wiki/Sparrow,Sparrow may refer to Old World sparrows (family Passeridae) or New World sparrows (family Passerellidae).,Ambiguous: depends whether question means Old World or New World sparrows.
trivia_4178,Name of the Flintstones' pet?,Baby Puss,unknown,0.50,unsupported,0.9,https://en.wikipedia.org/wiki/Dino_(The_Flintstones),Dino is a Flintstones character/pet (distinct from cats like Baby Puss).,Flintstones’ pet is Dino.
nq_1294,what languages are spoken in India the most?,Hindi and English,unknown,0.40,supported,0.85,https://en.wikipedia.org/wiki/India,Official languages listed as Hindi and English.,
trivia_2742,Director General of the BBC?,Tony Hall,unsupported,0.90,unsupported,0.95,https://en.wikipedia.org/wiki/Director-General_of_the_BBC,Current director-general is Tim Davie (since 1 September 2020).,Tony Hall served earlier; not current.
trivia_4514,Motorbikes compete without brakes in what events?,ice speedway,unknown,0.50,supported,0.75,https://en.wikipedia.org/wiki/Ice_speedway,Ice speedway is a form of motorcycle speedway; (speedway bikes are commonly described as having no brakes).,
nq_648,when did the US stop trading with Japan?,"December 8, 1941",unknown,0.50,unsupported,0.7,https://history.state.gov/historicaldocuments/frus1941v04/d726,"Discusses “freezing control … exercised upon Japan” (July 1941 timeframe), i.e., trade restrictions earlier than Dec 1941.","Major trade restrictions (asset freeze/export controls) began in late July 1941; Dec 8, 1941 is after Pearl Harbor."
webq_1680,US government type?,presidential republic,unknown,0.50,unknown,0.45,https://en.wikipedia.org/wiki/Government_of_the_United_States,Describes federal government structure; classification labels vary.,US is commonly described as a federal presidential constitutional republic / representative democracy; label depends on taxonomy.
webq_1680,US government type?,representative democracy,unknown,0.55,unknown,0.45,https://en.wikipedia.org/wiki/Government_of_the_United_States,Describes federal government structure; classification labels vary.,US is commonly described as a federal presidential constitutional republic / representative democracy; label depends on taxonomy.
trivia_7108,Which King of England had two wives both named Isabella?,King John,unknown,0.55,supported,0.95,"https://en.wikipedia.org/wiki/John,_King_of_England","Spouses listed as Isabella, Countess of Gloucester; Isabella, Countess of Angoulême.",
trivia_8205,Flying island in Gulliver's Travels?,Laputa,unknown,0.60,supported,0.95,https://en.wikipedia.org/wiki/Laputa,Laputa is a flying island described in Gulliver's Travels.,
trivia_2362,Nickname for Dumfries became name of which football club?,Queen of the South,unknown,0.55,supported,0.85,https://en.wikipedia.org/wiki/Queen_of_the_South_F.C.,Queen of the South Football Club formed in 1919 in Dumfries.,
nq_2256,who were the first settlers in San Antonio?,Payaya (Coahuiltecan) people,unknown,0.55,supported,0.85,https://en.wikipedia.org/wiki/San_Antonio,"“At the time of European encounter, the Payaya people lived near the San Antonio River Valley…”",
nq_3414,what part of Maryland is close to Washington DC?,Montgomery County,unknown,0.40,supported,0.85,"https://en.wikipedia.org/wiki/Montgomery_County,_Maryland","“The county is adjoined to Washington, D.C., the nation's capital…”",
nq_3414,what part of Maryland is close to Washington DC?,Prince George's County,unknown,0.40,supported,0.85,"https://en.wikipedia.org/wiki/Prince_George%27s_County,_Maryland","“Prince George's County … bordering the eastern portion of Washington, D.C.”",
trivia_3882,Document issued giving information about a company to be floated on stock exchange?,preliminary prospectus (red herring prospectus),unknown,0.55,supported,0.75,https://en.wikipedia.org/wiki/Prospectus_(finance),Prospectus is a disclosure document describing a security for potential buyers (incl. IPO context).,
trivia_3882,Document issued giving information about a company to be floated on stock exchange?,listing particulars,unknown,0.55,supported,0.6,https://en.wikipedia.org/wiki/Prospectus_(finance),Prospectus is the disclosure document for an offering; “listing particulars” is a common term in some jurisdictions.,Using prospectus as umbrella term; “listing particulars” is jurisdiction-specific.
trivia_11283,Official color of UPS trucks?,Pullman Brown,unknown,0.40,unknown,0.4,https://en.wikipedia.org/wiki/United_Parcel_Service,UPS page doesn't state the official truck color in this snippet.,"Commonly described as “UPS Brown” / Pullman Brown, but need a primary brand/corporate source."
trivia_2527,Wolfe’s opposing French general who died with him Plains of Abraham?,Louis-Joseph de Montcalm,unknown,0.55,supported,0.95,https://en.wikipedia.org/wiki/Battle_of_the_Plains_of_Abraham,Commanders: James Wolfe † … Montcalm † …,
nq_2952,BAC means parts of alcohol in blood in relation to what?,the total volume of blood,unsupported,0.70,supported,0.9,https://en.wikipedia.org/wiki/Blood_alcohol_content,BAC expressed as mass of alcohol per volume of blood.,
nq_2548,when did All Night Long (Lionel Richie) come out?,August 1983 (US single),unknown,0.40,supported,0.9,https://en.wikipedia.org/wiki/All_Night_Long_(All_Night),"Released August 31, 1983.",
nq_2548,when did All Night Long (Lionel Richie) come out?,October 1983 (UK single),unknown,0.40,unknown,0.4,https://en.wikipedia.org/wiki/All_Night_Long_(All_Night),"Released August 31, 1983 (citation doesn't mention UK-specific date here).",Need a UK release-date citation.
nq_649,who gets the golden boot if its a tie?,Shared among tied players,unknown,0.55,unknown,0.35,https://en.wikipedia.org/wiki/European_Golden_Shoe,Golden Boot/Shoe rules vary by competition and era.,"Sometimes shared, sometimes tiebroken by assists/minutes; needs the specific competition (World Cup/Euro/league)."
trivia_10950,"Founded 1775, Washington was Commander-in-Chief of what Army?",United States Army,unsupported,0.70,unsupported,0.9,https://en.wikipedia.org/wiki/Continental_Army,"Continental Army: Dates of operation June 14, 1775 – 1783; Commander-in-Chief George Washington.",1775 refers to the Continental Army (US Army formed later as successor).
trivia_7666,TV character said 'I am not capable of that emotion'?,Mr. Spock,unknown,0.35,unknown,0.2,,,Could not locate an authoritative transcript/source for this exact quote.
trivia_7666,TV character said 'I am not capable of that emotion'?,Data,unknown,0.35,unknown,0.2,,,Could not locate an authoritative transcript/source for this exact quote.
nq_603,last school shooting in Canada?,"January 22, 2016 - La Loche (Saskatchewan)",unknown,0.50,unknown,0.2,,,Time-dependent and definition-dependent (what counts as school shooting); needs authoritative incident list.
nq_603,last school shooting in Canada?,"November 1, 2022 - Woburn Collegiate Institute (Toronto)",unknown,0.50,unknown,0.2,,,Time-dependent and definition-dependent (what counts as school shooting); needs authoritative incident list.
nq_2208,when was the chain first used for F1?,1978,unknown,0.40,unknown,0.2,,,Could not verify claim; needs F1 technical-history source.
trivia_4514,Motorbikes compete without brakes in what events?,long track (speedway),unknown,0.50,unknown,0.2,,,Some speedway disciplines have bikes without brakes; needs a source specific to long track/grasstrack.
trivia_4514,Motorbikes compete without brakes in what events?,grasstrack,unknown,0.50,unknown,0.2,,,Some speedway disciplines have bikes without brakes; needs a source specific to long track/grasstrack.
trivia_8999,Britain's oldest cathedral?,Canterbury Cathedral,unknown,0.55,unknown,0.2,,,Ambiguous (oldest seat vs oldest building vs oldest continuously used); needs a specific criterion/source.
trivia_8999,Britain's oldest cathedral?,Bangor Cathedral,unknown,0.40,unknown,0.2,,,Ambiguous (oldest seat vs oldest building vs oldest continuously used); needs a specific criterion/source.
trivia_8999,Britain's oldest cathedral?,York Minster,unknown,0.40,unknown,0.2,,,Ambiguous (oldest seat vs oldest building vs oldest continuously used); needs a specific criterion/source.
trivia_8999,Britain's oldest cathedral?,Ripon Cathedral,unknown,0.40,unknown,0.2,,,Ambiguous (oldest seat vs oldest building vs oldest continuously used); needs a specific criterion/source.
trivia_3489,Word meaning misbehaved evolved through 'wicked' from 'possessing nothing'?,naughty,unknown,0.30,unknown,0.2,,,Etymology claim needs a dictionary/etymology source.
nq_2230,last time a hurricane hit the UK?,Never,unknown,0.40,unknown,0.2,,,UK “hurricane” definition is tricky; many events are ex-hurricanes or severe storms; needs meteorological source.
nq_2230,last time a hurricane hit the UK?,October 1987 (Great Storm),unknown,0.45,unknown,0.2,,,UK “hurricane” definition is tricky; many events are ex-hurricanes or severe storms; needs meteorological source.
